variant,scenario,rate_offered,fast,slow,duration_ms,seed,published,rate_achieved,writer_late,msgs_fast,sampled,laps_fast,lost_fast,causality,hop_n,hop_mean_ns,hop_mean_body_ns,hop_trim_frac,hop_p50,hop_p99,hop_p999,hop_max,e2e_n,e2e_mean_ns,e2e_mean_body_ns,e2e_trim_frac,e2e_p50,e2e_p99,e2e_p999,e2e_max,msgs_slow,laps_slow,snap_reads,snap_retries,snap_busy,snap_mean_ns,snap_p50,snap_p99,ghz_writer,pshare_writer,ghz_fast,pshare_fast,ghz_slow,pshare_slow,minflt_max,valid,reject_reason,aborted,events,live,deltas,ns_per_event,instr_per_event,cycles_per_event,wsat_ns,wsat_instr,wsat_cycles,dispatch,dispatch_ns,dispatch_instr,dispatch_cycles,work
Base,paced,1e+06,1,read,3000,1,3000000,1e+06,3944,3300000,3000000,0,0,0,3000000,279.347,202.789,0.00120367,5,10,34,14455,3000000,287.56,202.899,0.00222,5,10,127,15047,3214673,4,45981,0,0,79.0508,1,9,3.123,0.999695,3.12371,0.999853,1.21983,0,0,1,,,,,,,,,,,,,,,,
Base,paced,1e+06,1,read,3000,1,3000000,1e+06,4098,3300000,3000000,0,0,0,3000000,212.74,188.703,0.00135767,5,10,45,6747,3000000,219.189,188.831,0.00235,5,10,106,6747,3224688,4,45687,0,0,74.1796,1,9,3.12323,1,3.12362,1,1.30221,0,0,1,,,,,,,,,,,,,,,,
Base,paced,1e+06,1,read,3000,2,3000000,1e+06,3304,3300000,3000000,0,0,0,3000000,225.13,220.437,0.000784667,5,10,11,885,3000000,229.864,220.555,0.001629,5,10,51,1053,3300000,0,46875,0,0,76.5084,1,10,3.12241,1,3.12262,0.999998,1.25678,0,0,1,,,,,,,,,,,,,,,,
Base,paced,1e+06,1,read,3000,2,3000000,1e+06,5393,3300000,3000000,0,0,0,3000000,417.734,209.538,0.00165767,5,10,96,25775,3000000,426.976,209.707,0.00300733,5,10,236,25775,3283478,1,46875,0,0,75.1467,1,10,3.12076,0.999762,3.1197,0.999986,1.32597,0,0,1,,,,,,,,,,,,,,,,
Base,paced,1e+06,1,read,3000,3,3000000,1e+06,3717,3300000,3000000,0,0,0,3000000,230.382,224.519,0.000897333,5,10,12,861,3000000,236.426,224.67,0.001844,5,10,61,898,3248967,3,46078,0,0,79.4604,2,9,3.12693,1,3.12724,1,1.1701,0,0,1,,,,,,,,,,,,,,,,
Base,paced,1e+06,1,read,3000,3,3000000,1e+06,3126,3300000,3000000,0,0,0,3000000,229.929,227.79,0.000540333,5,10,11,902,3000000,234.413,227.917,0.00138833,5,10,36,902,3300000,0,46875,0,0,77.2542,1,10,3.12708,1,3.12627,0.999997,1.21186,0,0,1,,,,,,,,,,,,,,,,
Base,paced,1e+06,1,read,3000,4,3000000,1e+06,3510,3300000,3000000,0,0,0,3000000,224.876,220.295,0.000766333,5,10,11,980,3000000,230.242,220.414,0.00170833,5,10,53,980,3256726,2,46315,0,0,76.7453,1,10,3.12708,1,3.12683,1,1.17602,0,0,1,,,,,,,,,,,,,,,,
Base,paced,1e+06,1,read,3000,4,3000000,1e+06,4604,3300000,3000000,0,0,0,3000000,240.023,228.677,0.00111767,5,10,28,12863,3000000,584.603,228.799,0.00194933,5,10,86,33471,3281825,1,46875,0,0,69.8178,1,6,3.12788,1,3.12725,0.999809,1.17704,0,0,1,,,,,,,,,,,,,,,,
Base,paced,1e+06,1,read,3000,5,3000000,1e+06,3554,3300000,3000000,0,0,0,3000000,228.316,224.502,0.000678667,5,10,11,896,3000000,233.484,224.632,0.001629,5,10,49,1035,3280114,1,46875,0,0,73.4124,2,6,3.12753,1,3.12818,1,1.14209,0,0,1,,,,,,,,,,,,,,,,
Base,paced,1e+06,1,read,3000,5,3000000,1e+06,102500,3300000,3000000,0,0,0,3000000,50893.5,218.347,0.0252287,5,21999,181375,891903,3000000,380792,219.545,0.041116,5,381695,822271,891903,3216943,4,45891,0,0,76.8333,2,6,3.09782,0.994539,3.1027,0.99545,1.20539,0,0,1,,,,,,,,,,,,,,,,
Base,paced,1e+06,1,read,3000,6,3000000,1e+06,3786,3300000,3000000,0,0,0,3000000,228.839,222.915,0.000873,5,10,12,1630,3000000,235.312,223.052,0.001883,5,10,66,1630,3283548,1,46875,0,0,73.6711,1,9,3.1261,1,3.12572,0.99999,1.17955,0,0,1,,,,,,,,,,,,,,,,
Base,paced,1e+06,1,read,3000,6,3000000,1e+06,3674,3300000,3000000,0,0,0,3000000,232.519,225.148,0.000883,5,10,13,1820,3000000,237.682,225.289,0.001865,5,10,58,1820,3264013,2,46633,0,0,89.7397,2,10,3.12882,1,3.12814,1,1.17389,0,0,1,,,,,,,,,,,,,,,,
F4,feed,,,,,1,,,,,,,,,,,,,,,,,,,,,,,,,,,,,,,,,3.18498,1,,,,,0,1,,,1000000,16384,548694,53.2051,485.322,172.097,,,,,,,,
F4,feed,,,,,1,,,,,,,,,,,,,,,,,,,,,,,,,,,,,,,,,3.22074,1,,,,,0,1,,,1000000,16384,548694,52.8083,485.358,172.023,,,,,,,,
F4,feed,,,,,2,,,,,,,,,,,,,,,,,,,,,,,,,,,,,,,,,3.21686,1,,,,,0,1,,,1000000,16384,549811,52.8694,485.782,172.098,,,,,,,,
F4,feed,,,,,2,,,,,,,,,,,,,,,,,,,,,,,,,,,,,,,,,3.20035,1,,,,,0,1,,,1000000,16384,549811,53.1441,485.782,172.193,,,,,,,,
F4,feed,,,,,3,,,,,,,,,,,,,,,,,,,,,,,,,,,,,,,,,3.22452,1,,,,,0,1,,,1000000,16384,548578,52.8388,485.194,172.185,,,,,,,,
F4,feed,,,,,3,,,,,,,,,,,,,,,,,,,,,,,,,,,,,,,,,3.22339,1,,,,,0,1,,,1000000,16384,548578,52.8694,485.214,172.343,,,,,,,,
F4,feed,,,,,4,,,,,,,,,,,,,,,,,,,,,,,,,,,,,,,,,3.22332,1,,,,,0,1,,,1000000,16384,549734,52.9609,485.856,172.538,,,,,,,,
F4,feed,,,,,4,,,,,,,,,,,,,,,,,,,,,,,,,,,,,,,,,3.22405,1,,,,,0,1,,,1000000,16384,549734,52.8694,485.884,172.318,,,,,,,,
F4,feed,,,,,5,,,,,,,,,,,,,,,,,,,,,,,,,,,,,,,,,3.21857,1,,,,,0,1,,,1000000,16384,548133,52.8694,485.419,172.247,,,,,,,,
F4,feed,,,,,5,,,,,,,,,,,,,,,,,,,,,,,,,,,,,,,,,3.22532,1,,,,,0,1,,,1000000,16384,548133,52.8999,485.418,172.434,,,,,,,,
F4,feed,,,,,6,,,,,,,,,,,,,,,,,,,,,,,,,,,,,,,,,3.22529,1,,,,,0,1,,,1000000,16384,550388,52.8083,486.204,172.179,,,,,,,,
F4,feed,,,,,6,,,,,,,,,,,,,,,,,,,,,,,,,,,,,,,,,3.22559,1,,,,,0,1,,,1000000,16384,550388,52.8388,486.174,172.275,,,,,,,,
Base,paced,1e+06,1,off,3000,1,3000000,999999,12642,3300000,3000000,0,0,0,3000000,107.788,88.8108,0.00284367,2,6,157,1202,3000000,129.143,88.7674,0.006468,2,6,270,1202,0,0,0,0,0,0,0,0,3.10746,1,3.11008,1,,,0,1,,,,,,,,,,,,,,,,
Base,paced,1e+06,1,off,3000,1,3000000,1e+06,13598,3300000,3000000,0,0,0,3000000,117.766,95.1151,0.002844,2,6,181,1076,3000000,208.146,95.0401,0.00673167,2,6,368,14047,0,0,0,0,0,0,0,0,3.1126,0.999855,3.1164,0.999999,,,0,1,,,,,,,,,,,,,,,,
Base,paced,1e+06,1,off,3000,2,3000000,1e+06,9984,3300000,3000000,0,0,0,3000000,109.168,90.3192,0.002769,2,6,164,1222,3000000,136.168,90.3578,0.00553133,2,8,260,6147,0,0,0,0,0,0,0,0,3.12562,0.999802,3.12592,0.99971,,,0,1,,,,,,,,,,,,,,,,
Base,paced,1e+06,1,off,3000,2,3000000,1e+06,13133,3300000,3000000,0,0,0,3000000,119.637,92.4757,0.00305133,2,6,221,2419,3000000,355.658,92.4379,0.00644467,2,8,353,26751,0,0,0,0,0,0,0,0,3.11704,0.999981,3.1183,0.999753,,,0,1,,,,,,,,,,,,,,,,
Base,paced,1e+06,1,off,3000,3,3000000,1e+06,9905,3300000,3000000,0,0,0,3000000,107.596,90.1149,0.00264233,2,6,164,1018,3000000,122.738,90.1402,0.00553433,2,6,241,1027,0,0,0,0,0,0,0,0,3.12613,1,3.12698,1,,,0,1,,,,,,,,,,,,,,,,
Base,paced,1e+06,1,off,3000,3,3000000,1e+06,11378,3300000,3000000,0,0,0,3000000,97.1613,87.4254,0.00161,2,6,75,988,3000000,115.735,87.4259,0.00500367,2,6,221,990,0,0,0,0,0,0,0,0,3.12609,1,3.12612,1,,,0,1,,,,,,,,,,,,,,,,
Base,paced,1e+06,1,off,3000,4,3000000,1e+06,12428,3300000,3000000,0,0,0,3000000,118.136,93.3949,0.003146,2,6,208,1294,3000000,140.474,93.3726,0.00657833,2,8,322,1301,0,0,0,0,0,0,0,0,3.11455,0.999992,3.11413,1,,,0,1,,,,,,,,,,,,,,,,
Base,paced,1e+06,1,off,3000,4,3000000,1e+06,9808,3300000,3000000,0,0,0,3000000,136.561,85.3907,0.00237233,2,6,155,10511,3000000,151.235,85.4287,0.005195,2,6,252,10511,0,0,0,0,0,0,0,0,3.12237,1,3.1209,0.999218,,,0,1,,,,,,,,,,,,,,,,
Base,paced,1e+06,1,off,3000,5,3000000,1e+06,18044,3300000,3000000,0,0,0,3000000,136.514,94.4803,0.004439,2,6,305,2635,3000000,204.481,94.4013,0.009099,2,9,572,7667,0,0,0,0,0,0,0,0,3.11363,0.999954,3.11266,0.999933,,,0,1,,,,,,,,,,,,,,,,
Base,paced,1e+06,1,off,3000,5,3000000,1e+06,15666,3300000,3000000,0,0,0,3000000,171.496,91.1653,0.00397233,2,6,300,11399,3000000,200.649,91.1969,0.00848467,2,9,363,11399,0,0,0,0,0,0,0,0,3.11312,0.999674,3.11522,0.999855,,,0,1,,,,,,,,,,,,,,,,
Base,paced,1e+06,1,off,3000,6,3000000,1e+06,11980,3300000,3000000,0,0,0,3000000,113.52,90.8292,0.00274733,2,6,199,6343,3000000,325.766,90.8163,0.00598133,2,6,348,22047,0,0,0,0,0,0,0,0,3.12729,0.999922,3.12672,0.999639,,,0,1,,,,,,,,,,,,,,,,
Base,paced,1e+06,1,off,3000,6,3000000,1e+06,11629,3300000,3000000,0,0,0,3000000,122.961,89.3157,0.003195,2,6,188,6595,3000000,144.005,89.2986,0.00639333,2,6,300,6595,0,0,0,0,0,0,0,0,3.10851,1,3.11032,0.999996,,,0,1,,,,,,,,,,,,,,,,
Base,wsat,0,1,off,3000,1,114524160,3.81735e+07,0,124747776,0,0,0,0,0,0,0,0,0,0,0,0,0,0,0,0,0,0,0,0,0,0,0,0,0,0,0,0,3.12603,0.999679,3.12592,0.999672,,,0,1,,,,,,,,,26.0925,45.6778,81.7656,,,,,
Base,wsat,0,1,off,3000,1,113164288,3.77209e+07,0,124419614,0,2,33250,0,0,0,0,0,0,0,0,0,0,0,0,0,0,0,0,0,0,0,0,0,0,0,0,0,3.12633,1,3.12658,0.999998,,,0,1,,,,,,,,,26.1866,45.6778,82.0288,,,,,
Base,wsat,0,1,off,3000,2,116408320,3.88008e+07,0,128188416,0,0,0,0,0,0,0,0,0,0,0,0,0,0,0,0,0,0,0,0,0,0,0,0,0,0,0,0,3.12782,1,3.12721,1,,,0,1,,,,,,,,,26.0239,45.6778,81.5357,,,,,
Base,wsat,0,1,off,3000,2,114540544,3.81758e+07,0,126435328,0,0,0,0,0,0,0,0,0,0,0,0,0,0,0,0,0,0,0,0,0,0,0,0,0,0,0,0,3.12732,0.99996,3.12747,1,,,0,1,,,,,,,,,26.0696,45.6778,81.6579,,,,,
Base,wsat,0,1,off,3000,3,115556352,3.85136e+07,0,127311494,0,1,24954,0,0,0,0,0,0,0,0,0,0,0,0,0,0,0,0,0,0,0,0,0,0,0,0,0,3.11559,1,3.11703,1,,,0,1,,,,,,,,,26.2527,45.6778,82.094,,,,,
Base,wsat,0,1,off,3000,3,116211712,3.87324e+07,0,127680512,0,0,0,0,0,0,0,0,0,0,0,0,0,0,0,0,0,0,0,0,0,0,0,0,0,0,0,0,3.12543,1,3.12541,1,,,0,1,,,,,,,,,26.0188,45.6778,81.5179,,,,,
Base,wsat,0,1,off,3000,4,113459200,3.78189e+07,0,125321216,0,0,0,0,0,0,0,0,0,0,0,0,0,0,0,0,0,0,0,0,0,0,0,0,0,0,0,0,3.12722,0.999993,3.12754,1,,,0,1,,,,,,,,,26.0468,45.678,81.6035,,,,,
Base,wsat,0,1,off,3000,4,115851264,3.86258e+07,0,127392101,0,1,26267,0,0,0,0,0,0,0,0,0,0,0,0,0,0,0,0,0,0,0,0,0,0,0,0,0,3.1288,1,3.12874,1,,,0,1,,,,,,,,,26.1561,45.6778,81.9954,,,,,
Base,wsat,0,1,off,3000,5,116064256,3.86863e+07,0,127614976,0,0,0,0,0,0,0,0,0,0,0,0,0,0,0,0,0,0,0,0,0,0,0,0,0,0,0,0,3.12846,1,3.12803,1,,,0,1,,,,,,,,,26.0569,45.6778,81.6754,,,,,
Base,wsat,0,1,off,3000,5,116391936,3.87968e+07,0,128072773,0,1,17339,0,0,0,0,0,0,0,0,0,0,0,0,0,0,0,0,0,0,0,0,0,0,0,0,0,3.12565,0.999998,3.12655,1,,,0,1,,,,,,,,,26.2426,45.6778,82.1957,,,,,
Base,wsat,0,1,off,3000,6,115490816,3.84965e+07,0,127385600,0,0,0,0,0,0,0,0,0,0,0,0,0,0,0,0,0,0,0,0,0,0,0,0,0,0,0,0,3.12781,0.999777,3.12829,0.99977,,,0,1,,,,,,,,,26.0874,45.6778,81.7793,,,,,
Base,wsat,0,1,off,3000,6,116555776,3.88516e+07,0,128237568,0,0,0,0,0,0,0,0,0,0,0,0,0,0,0,0,0,0,0,0,0,0,0,0,0,0,0,0,3.12663,1,3.12705,1,,,0,1,,,,,,,,,25.9984,45.6778,81.4722,,,,,
Base,paced,1e+06,1,off,3000,1,3000000,1e+06,11553,3300000,3000000,0,0,0,3000000,100.461,84.6786,0.003177,2,6,110,1080,3000000,117.24,84.7618,0.00650767,2,6,185,1154,0,0,0,0,0,0,0,0,3.08671,0.999997,3.08303,1,,,0,1,,,,,,,,,,,,,,,,
Copy15,paced,1e+06,1,off,3000,1,3000000,1e+06,7278,3300000,3000000,0,0,0,3000000,138.347,126.657,0.00181533,3,8,92,1088,3000000,149.054,126.785,0.00374767,3,9,157,2139,0,0,0,0,0,0,0,0,3.12883,0.999997,3.12896,1,,,0,1,,,,,,,,,,,,,,,,
Base,paced,1e+06,1,off,3000,2,3000000,1e+06,8519,3300000,3000000,0,0,0,3000000,114.84,89.2841,0.002093,2,8,179,5819,3000000,429.713,89.3017,0.00422433,2,9,301,31071,0,0,0,0,0,0,0,0,3.12704,0.999989,3.12652,0.999752,,,0,1,,,,,,,,,,,,,,,,
Copy15,paced,1e+06,1,off,3000,2,3000000,1e+06,7694,3300000,3000000,0,0,0,3000000,135.564,126.815,0.00141767,3,6,60,995,3000000,145.576,126.964,0.003542,3,8,136,1060,0,0,0,0,0,0,0,0,3.12866,1,3.12872,1,,,0,1,,,,,,,,,,,,,,,,
Base,paced,1e+06,1,off,3000,3,3000000,1e+06,6528,3300000,3000000,0,0,0,3000000,93.8131,84.8021,0.00136833,2,6,61,999,3000000,102.724,84.8386,0.00336667,2,6,137,1000,0,0,0,0,0,0,0,0,3.12803,1,3.12816,1,,,0,1,,,,,,,,,,,,,,,,
Copy15,paced,1e+06,1,off,3000,3,3000000,1e+06,7610,3300000,3000000,0,0,0,3000000,139.289,128.262,0.00149833,3,8,71,998,3000000,149.912,128.397,0.003664,3,8,162,1103,0,0,0,0,0,0,0,0,3.12847,1,3.12898,1,,,0,1,,,,,,,,,,,,,,,,
Base,paced,1e+06,1,off,3000,4,3000000,1e+06,13103,3300000,3000000,0,0,0,3000000,132.943,87.8052,0.00377367,2,6,307,9039,3000000,235.732,87.6893,0.006782,2,6,569,13591,0,0,0,0,0,0,0,0,3.10701,0.999688,3.10562,0.999809,,,0,1,,,,,,,,,,,,,,,,
Copy15,paced,1e+06,1,off,3000,4,3000000,1e+06,8373,3300000,3000000,0,0,0,3000000,140.226,129.948,0.001583,3,9,72,1077,3000000,152.277,130.081,0.00390133,3,9,160,1191,0,0,0,0,0,0,0,0,3.1278,1,3.12806,1,,,0,1,,,,,,,,,,,,,,,,
Base,paced,1e+06,1,off,3000,5,3000000,1e+06,7762,3300000,3000000,0,0,0,3000000,99.163,86.4944,0.001647,2,8,94,1062,3000000,238.431,86.5275,0.00369233,2,8,200,20383,0,0,0,0,0,0,0,0,3.12669,0.99993,3.12675,0.999742,,,0,1,,,,,,,,,,,,,,,,
Copy15,paced,1e+06,1,off,3000,5,3000000,1e+06,7554,3300000,3000000,0,0,0,3000000,140.588,128.553,0.001688,3,8,83,1114,3000000,150.681,128.701,0.00376567,3,9,164,1114,0,0,0,0,0,0,0,0,3.1253,1,3.12497,1,,,0,1,,,,,,,,,,,,,,,,
Base,paced,1e+06,1,off,3000,6,3000000,1e+06,6578,3300000,3000000,0,0,0,3000000,98.1691,87.2018,0.00147767,2,7,68,1768,3000000,119.793,87.2612,0.00339533,2,8,152,6491,0,0,0,0,0,0,0,0,3.12818,0.999774,3.12773,0.999736,,,0,1,,,,,,,,,,,,,,,,
Copy15,paced,1e+06,1,off,3000,6,3000000,1e+06,6518,3300000,3000000,0,0,0,3000000,132.688,123.803,0.001409,3,6,63,1026,3000000,140.287,123.94,0.00328767,3,6,126,1026,0,0,0,0,0,0,0,0,3.12565,1,3.12574,1,,,0,1,,,,,,,,,,,,,,,,
Dispatch,dispatch,,,,,1,,,,,,,,,,,,,,,,,,,,,,,,,,,,,,,,,3.1523,1,,,,,,1,,,,,,,,,,,,static,0.859578,21.9041,2.91711,4027583561728
Dispatch,dispatch,,,,,1,,,,,,,,,,,,,,,,,,,,,,,,,,,,,,,,,3.2157,1,,,,,,1,,,,,,,,,,,,virtual,1.4445,31.8052,4.79608,4027583561728
Dispatch,dispatch,,,,,2,,,,,,,,,,,,,,,,,,,,,,,,,,,,,,,,,3.21932,1,,,,,,1,,,,,,,,,,,,static,0.862122,21.9041,2.92346,3171494658048
Dispatch,dispatch,,,,,2,,,,,,,,,,,,,,,,,,,,,,,,,,,,,,,,,3.21214,1,,,,,,1,,,,,,,,,,,,virtual,1.44196,31.8052,4.79279,3171494658048
Dispatch,dispatch,,,,,3,,,,,,,,,,,,,,,,,,,,,,,,,,,,,,,,,3.21931,1,,,,,,1,,,,,,,,,,,,static,0.859578,21.9041,2.91559,3637745025024
Dispatch,dispatch,,,,,3,,,,,,,,,,,,,,,,,,,,,,,,,,,,,,,,,3.21999,0.999684,,,,,,1,,,,,,,,,,,,virtual,1.44196,31.8052,4.79041,3637745025024
Dispatch,dispatch,,,,,4,,,,,,,,,,,,,,,,,,,,,,,,,,,,,,,,,3.21972,1,,,,,,1,,,,,,,,,,,,static,0.859578,21.9041,2.91528,3690370957312
Dispatch,dispatch,,,,,4,,,,,,,,,,,,,,,,,,,,,,,,,,,,,,,,,3.21515,1,,,,,,1,,,,,,,,,,,,virtual,1.4445,31.8052,4.797,3690370957312
Dispatch,dispatch,,,,,5,,,,,,,,,,,,,,,,,,,,,,,,,,,,,,,,,3.21811,0.999995,,,,,,1,,,,,,,,,,,,static,0.857035,21.9041,2.91022,3677677944832
Dispatch,dispatch,,,,,5,,,,,,,,,,,,,,,,,,,,,,,,,,,,,,,,,3.21716,1,,,,,,1,,,,,,,,,,,,virtual,1.44196,31.8052,4.78729,3677677944832
Dispatch,dispatch,,,,,6,,,,,,,,,,,,,,,,,,,,,,,,,,,,,,,,,3.21899,0.999995,,,,,,1,,,,,,,,,,,,static,0.859578,21.9041,2.91864,3271970258944
Dispatch,dispatch,,,,,6,,,,,,,,,,,,,,,,,,,,,,,,,,,,,,,,,3.21694,1,,,,,,1,,,,,,,,,,,,virtual,1.44196,31.8052,4.78949,3271970258944
F0,feed,,,,,1,,,,,,,,,,,,,,,,,,,,,,,,,,,,,,,,,3.21282,1,,,,,0,1,,,1000000,16384,548694,147.68,1213.53,477.026,,,,,,,,
F1,feed,,,,,1,,,,,,,,,,,,,,,,,,,,,,,,,,,,,,,,,3.22475,1,,,,,1,1,,,1000000,16384,548694,118.529,1078.44,383.609,,,,,,,,
F0,feed,,,,,2,,,,,,,,,,,,,,,,,,,,,,,,,,,,,,,,,3.17351,1,,,,,1,1,,,1000000,16384,549811,147.344,1215.22,472.149,,,,,,,,
F1,feed,,,,,2,,,,,,,,,,,,,,,,,,,,,,,,,,,,,,,,,3.20494,1,,,,,2,1,,,1000000,16384,549811,117.796,1071.45,379.736,,,,,,,,
F0,feed,,,,,3,,,,,,,,,,,,,,,,,,,,,,,,,,,,,,,,,3.16105,1,,,,,5,1,,,1000000,16384,548578,159.921,1226.77,507.62,,,,,,,,
F1,feed,,,,,3,,,,,,,,,,,,,,,,,,,,,,,,,,,,,,,,,3.21189,1,,,,,2,1,,,1000000,16384,548578,119.719,1066.79,387.042,,,,,,,,
F0,feed,,,,,4,,,,,,,,,,,,,,,,,,,,,,,,,,,,,,,,,3.20793,0.994559,,,,,7,1,,,1000000,16384,549734,149.054,1217.92,481.475,,,,,,,,
F1,feed,,,,,4,,,,,,,,,,,,,,,,,,,,,,,,,,,,,,,,,3.22472,1,,,,,1,1,,,1000000,16384,549734,116.911,1077.86,379.122,,,,,,,,
F0,feed,,,,,5,,,,,,,,,,,,,,,,,,,,,,,,,,,,,,,,,3.21952,1,,,,,1,1,,,1000000,16384,548133,147.009,1203.16,475.623,,,,,,,,
F1,feed,,,,,5,,,,,,,,,,,,,,,,,,,,,,,,,,,,,,,,,3.22616,1,,,,,0,1,,,1000000,16384,548133,116.697,1074.77,378.423,,,,,,,,
F0,feed,,,,,6,,,,,,,,,,,,,,,,,,,,,,,,,,,,,,,,,3.22383,1,,,,,1,1,,,1000000,16384,550388,146.215,1211.7,473.184,,,,,,,,
F1,feed,,,,,6,,,,,,,,,,,,,,,,,,,,,,,,,,,,,,,,,3.22555,1,,,,,0,1,,,1000000,16384,550388,116.972,1075.32,379.282,,,,,,,,
F1,feed,,,,,1,,,,,,,,,,,,,,,,,,,,,,,,,,,,,,,,,3.03602,1,,,,,5,1,,,1000000,16384,548694,131.899,1025.12,402.289,,,,,,,,
F2,feed,,,,,1,,,,,,,,,,,,,,,,,,,,,,,,,,,,,,,,,3.04308,0.996682,,,,,0,1,,,1000000,16384,548694,65.812,544.034,202.033,,,,,,,,
F1,feed,,,,,2,,,,,,,,,,,,,,,,,,,,,,,,,,,,,,,,,2.98686,0.966361,,,,,7,0,pshare,,1000000,16384,549811,134.066,1023.24,406.758,,,,,,,,
F2,feed,,,,,2,,,,,,,,,,,,,,,,,,,,,,,,,,,,,,,,,3.0392,0.996889,,,,,0,1,,,1000000,16384,549811,65.8425,544.817,202.171,,,,,,,,
F1,feed,,,,,3,,,,,,,,,,,,,,,,,,,,,,,,,,,,,,,,,3.049,0.991384,,,,,6,1,,,1000000,16384,548578,124.786,971.603,384.595,,,,,,,,
F2,feed,,,,,3,,,,,,,,,,,,,,,,,,,,,,,,,,,,,,,,,3.0552,0.999651,,,,,0,1,,,1000000,16384,548578,66.2393,544.414,203.394,,,,,,,,
F1,feed,,,,,4,,,,,,,,,,,,,,,,,,,,,,,,,,,,,,,,,3.04267,0.993483,,,,,9,1,,,1000000,16384,549734,130.525,1044.52,399.424,,,,,,,,
F2,feed,,,,,4,,,,,,,,,,,,,,,,,,,,,,,,,,,,,,,,,3.04048,0.995867,,,,,0,1,,,1000000,16384,549734,66.6972,544.427,204.55,,,,,,,,
F1,feed,,,,,5,,,,,,,,,,,,,,,,,,,,,,,,,,,,,,,,,3.0671,1,,,,,5,1,,,1000000,16384,548133,134.524,1037.58,416.164,,,,,,,,
F2,feed,,,,,5,,,,,,,,,,,,,,,,,,,,,,,,,,,,,,,,,3.10087,1,,,,,0,1,,,1000000,16384,548133,64.5299,544.644,201.411,,,,,,,,
F1,feed,,,,,6,,,,,,,,,,,,,,,,,,,,,,,,,,,,,,,,,3.10417,0.999965,,,,,6,1,,,1000000,16384,550388,126.832,1010.63,398.87,,,,,,,,
F2,feed,,,,,6,,,,,,,,,,,,,,,,,,,,,,,,,,,,,,,,,3.09971,0.999815,,,,,0,1,,,1000000,16384,550388,64.3773,545.235,201.081,,,,,,,,
F2,feed,,,,,1,,,,,,,,,,,,,,,,,,,,,,,,,,,,,,,,,3.193,1,,,,,0,1,,,1000000,16384,548694,61.1111,544.034,198.015,,,,,,,,
F3,feed,,,,,1,,,,,,,,,,,,,,,,,,,,,,,,,,,,,,,,,3.14513,1,,,,,0,1,,,1000000,16384,548694,55.7692,473.553,178.845,,,,,,,,
F2,feed,,,,,2,,,,,,,,,,,,,,,,,,,,,,,,,,,,,,,,,3.20788,1,,,,,0,1,,,1000000,16384,549811,61.1722,544.61,198.781,,,,,,,,
F3,feed,,,,,2,,,,,,,,,,,,,,,,,,,,,,,,,,,,,,,,,3.21485,0.999929,,,,,0,1,,,1000000,16384,549811,54.5177,473.894,177.596,,,,,,,,
F2,feed,,,,,3,,,,,,,,,,,,,,,,,,,,,,,,,,,,,,,,,3.16272,1,,,,,0,1,,,1000000,16384,548578,62.0879,544.138,198.629,,,,,,,,
F3,feed,,,,,3,,,,,,,,,,,,,,,,,,,,,,,,,,,,,,,,,3.18519,1,,,,,0,1,,,1000000,16384,548578,55.1282,473.213,177.21,,,,,,,,
F2,feed,,,,,4,,,,,,,,,,,,,,,,,,,,,,,,,,,,,,,,,3.16727,1,,,,,0,1,,,1000000,16384,549734,62.1184,544.541,198.492,,,,,,,,
F3,feed,,,,,4,,,,,,,,,,,,,,,,,,,,,,,,,,,,,,,,,3.21584,1,,,,,0,1,,,1000000,16384,549734,54.5177,473.889,177.24,,,,,,,,
F2,feed,,,,,5,,,,,,,,,,,,,,,,,,,,,,,,,,,,,,,,,3.15441,1,,,,,0,1,,,1000000,16384,548133,61.9963,544.5,198.823,,,,,,,,
F3,feed,,,,,5,,,,,,,,,,,,,,,,,,,,,,,,,,,,,,,,,3.19061,1,,,,,0,1,,,1000000,16384,548133,54.7314,473.538,177.528,,,,,,,,
F2,feed,,,,,6,,,,,,,,,,,,,,,,,,,,,,,,,,,,,,,,,3.17691,1,,,,,0,1,,,1000000,16384,550388,61.7827,545.162,199.083,,,,,,,,
F3,feed,,,,,6,,,,,,,,,,,,,,,,,,,,,,,,,,,,,,,,,3.2063,1,,,,,0,1,,,1000000,16384,550388,54.7009,474.495,177.809,,,,,,,,
F3,feed,,,,,1,,,,,,,,,,,,,,,,,,,,,,,,,,,,,,,,,3.22547,1,,,,,0,1,,,1000000,1048576,548671,99.9084,469.841,323.891,,,,,,,,
F4,feed,,,,,1,,,,,,,,,,,,,,,,,,,,,,,,,,,,,,,,,3.19423,1,,,,,0,1,,,1000000,1048576,548671,69.7497,481.779,225.532,,,,,,,,
F3,feed,,,,,2,,,,,,,,,,,,,,,,,,,,,,,,,,,,,,,,,3.22241,1,,,,,0,1,,,1000000,1048576,549708,102.289,471.384,331.53,,,,,,,,
F4,feed,,,,,2,,,,,,,,,,,,,,,,,,,,,,,,,,,,,,,,,3.22096,1,,,,,0,1,,,1000000,1048576,549708,64.4383,482.076,209.541,,,,,,,,
F3,feed,,,,,3,,,,,,,,,,,,,,,,,,,,,,,,,,,,,,,,,3.21951,1,,,,,0,1,,,1000000,1048576,548921,101.587,470.343,329.292,,,,,,,,
F4,feed,,,,,3,,,,,,,,,,,,,,,,,,,,,,,,,,,,,,,,,3.22518,1,,,,,0,1,,,1000000,1048576,548921,62.6068,481.832,203.751,,,,,,,,
F3,feed,,,,,4,,,,,,,,,,,,,,,,,,,,,,,,,,,,,,,,,3.22609,1,,,,,0,1,,,1000000,1048576,549243,100,469.758,324.428,,,,,,,,
F4,feed,,,,,4,,,,,,,,,,,,,,,,,,,,,,,,,,,,,,,,,3.22556,1,,,,,0,1,,,1000000,1048576,549243,62.851,482.473,204.56,,,,,,,,
F3,feed,,,,,5,,,,,,,,,,,,,,,,,,,,,,,,,,,,,,,,,3.22724,1,,,,,0,1,,,1000000,1048576,549381,99.4505,469.73,322.735,,,,,,,,
F4,feed,,,,,5,,,,,,,,,,,,,,,,,,,,,,,,,,,,,,,,,3.22635,1,,,,,0,1,,,1000000,1048576,549381,62.6679,481.619,204.014,,,,,,,,
F3,feed,,,,,6,,,,,,,,,,,,,,,,,,,,,,,,,,,,,,,,,3.22542,1,,,,,0,1,,,1000000,1048576,549417,99.8168,470.082,323.784,,,,,,,,
F4,feed,,,,,6,,,,,,,,,,,,,,,,,,,,,,,,,,,,,,,,,3.22683,1,,,,,0,1,,,1000000,1048576,549417,62.4847,481.785,203.398,,,,,,,,
F3,feed,,,,,1,,,,,,,,,,,,,,,,,,,,,,,,,,,,,,,,,3.19199,1,,,,,0,1,,,1000000,16384,548694,54.7009,473.443,176.904,,,,,,,,
F4,feed,,,,,1,,,,,,,,,,,,,,,,,,,,,,,,,,,,,,,,,3.22211,1,,,,,0,1,,,1000000,16384,548694,52.9304,485.6,172.36,,,,,,,,
F3,feed,,,,,2,,,,,,,,,,,,,,,,,,,,,,,,,,,,,,,,,3.15298,0.999735,,,,,0,1,,,1000000,16384,549811,56.4713,474.196,180.386,,,,,,,,
F4,feed,,,,,2,,,,,,,,,,,,,,,,,,,,,,,,,,,,,,,,,3.17281,0.999747,,,,,0,1,,,1000000,16384,549811,53.9988,485.984,173.959,,,,,,,,
F3,feed,,,,,3,,,,,,,,,,,,,,,,,,,,,,,,,,,,,,,,,3.22295,1,,,,,0,1,,,1000000,16384,548578,54.3651,473.9,177.138,,,,,,,,
F4,feed,,,,,3,,,,,,,,,,,,,,,,,,,,,,,,,,,,,,,,,3.22664,1,,,,,0,1,,,1000000,16384,548578,52.8999,485.368,172.53,,,,,,,,
F3,feed,,,,,4,,,,,,,,,,,,,,,,,,,,,,,,,,,,,,,,,3.20012,1,,,,,0,1,,,1000000,16384,549734,54.7314,473.895,177.867,,,,,,,,
F4,feed,,,,,4,,,,,,,,,,,,,,,,,,,,,,,,,,,,,,,,,3.22601,1,,,,,0,1,,,1000000,16384,549734,52.8694,485.972,172.36,,,,,,,,
F3,feed,,,,,5,,,,,,,,,,,,,,,,,,,,,,,,,,,,,,,,,3.20895,1,,,,,0,1,,,1000000,16384,548133,54.6398,473.646,177.802,,,,,,,,
F4,feed,,,,,5,,,,,,,,,,,,,,,,,,,,,,,,,,,,,,,,,3.20956,1,,,,,0,1,,,1000000,16384,548133,53.1746,485.767,172.742,,,,,,,,
F3,feed,,,,,6,,,,,,,,,,,,,,,,,,,,,,,,,,,,,,,,,3.2271,1,,,,,0,1,,,1000000,16384,550388,54.4261,474.377,177.364,,,,,,,,
F4,feed,,,,,6,,,,,,,,,,,,,,,,,,,,,,,,,,,,,,,,,3.1985,1,,,,,0,1,,,1000000,16384,550388,53.2357,486.415,172.625,,,,,,,,
Base,paced,1e+06,1,off,3000,1,3000000,1e+06,7182,3300000,3000000,0,0,0,3000000,95.2416,86.1422,0.00138767,2,6,63,1588,3000000,105.982,86.1693,0.00360067,2,6,145,1588,0,0,0,0,0,0,0,0,3.12693,1,3.12648,1,,,0,1,,,,,,,,,,,,,,,,
HeadPoll,paced,1e+06,1,off,3000,1,3000000,1e+06,8171,3300000,3000000,0,0,0,3000000,125.861,117.589,0.002191,3,16,38,1047,3000000,138.184,117.704,0.00436833,3,16,144,1114,0,0,0,0,0,0,0,0,3.12696,1,3.12634,1,,,0,1,,,,,,,,,,,,,,,,
Base,paced,1e+06,1,off,3000,2,3000000,1e+06,6353,3300000,3000000,0,0,0,3000000,96.8073,85.9632,0.00157967,2,6,78,1350,3000000,106.279,85.9997,0.003425,2,8,146,2053,0,0,0,0,0,0,0,0,3.12531,1,3.12553,0.999997,,,0,1,,,,,,,,,,,,,,,,
HeadPoll,paced,1e+06,1,off,3000,2,3000000,1e+06,6955,3300000,3000000,0,0,0,3000000,116.38,108.589,0.00164633,3,10,40,1088,3000000,124.762,108.668,0.00357267,3,10,123,1088,0,0,0,0,0,0,0,0,3.12705,1,3.12662,1,,,0,1,,,,,,,,,,,,,,,,
Base,paced,1e+06,1,off,3000,3,3000000,1e+06,8270,3300000,3000000,0,0,0,3000000,100.703,87.3972,0.001626,2,7,83,1101,3000000,138.765,87.4308,0.003872,2,8,208,9143,0,0,0,0,0,0,0,0,3.12355,0.999798,3.1229,0.999794,,,0,1,,,,,,,,,,,,,,,,
HeadPoll,paced,1e+06,1,off,3000,3,3000000,1e+06,8492,3300000,3000000,0,0,0,3000000,131.773,115.355,0.00330467,3,10,94,2349,3000000,148.631,115.384,0.005522,3,16,219,2915,0,0,0,0,0,0,0,0,3.12593,0.999839,3.1269,0.999823,,,0,1,,,,,,,,,,,,,,,,
Base,paced,1e+06,1,off,3000,4,3000000,1e+06,29196,3300000,3000000,0,0,0,3000000,1532.48,102.46,0.0110837,2,33,13727,30447,3000000,2335.53,102.164,0.016109,2,232,15119,34079,0,0,0,0,0,0,0,0,3.1259,0.999964,3.12477,0.999963,,,0,1,,,,,,,,,,,,,,,,
HeadPoll,paced,1e+06,1,off,3000,4,3000000,1e+06,7947,3300000,3000000,0,0,0,3000000,122.59,112.664,0.002281,3,10,69,946,3000000,134.322,112.749,0.00444033,3,10,159,1025,0,0,0,0,0,0,0,0,3.12504,1,3.12496,1,,,0,1,,,,,,,,,,,,,,,,
Base,paced,1e+06,1,off,3000,5,3000000,1e+06,15937,3300000,3000000,0,0,0,3000000,134.258,102.4,0.004635,2,9,231,1815,3000000,185.588,102.378,0.00900967,2,10,352,7911,0,0,0,0,0,0,0,0,3.12943,0.999995,3.13027,0.999997,,,0,1,,,,,,,,,,,,,,,,
HeadPoll,paced,1e+06,1,off,3000,5,3000000,1e+06,11269,3300000,3000000,0,0,0,3000000,166.11,143.456,0.004366,3,11,154,1868,3000000,200.891,143.5,0.00739033,3,16,359,3911,0,0,0,0,0,0,0,0,3.11662,0.999975,3.11549,0.99997,,,0,1,,,,,,,,,,,,,,,,
Base,paced,1e+06,1,off,3000,6,3000000,1e+06,14793,3300000,3000000,0,0,0,3000000,189.777,95.2448,0.004018,2,9,234,15207,3000000,215.217,95.301,0.00820133,2,9,301,15207,0,0,0,0,0,0,0,0,3.12861,0.999795,3.12942,0.999992,,,0,1,,,,,,,,,,,,,,,,
HeadPoll,paced,1e+06,1,off,3000,6,3000000,1e+06,17396,3300000,3000000,0,0,0,3000000,196.897,142.833,0.00735867,3,16,289,2815,3000000,284.133,142.958,0.011872,3,17,485,13855,0,0,0,0,0,0,0,0,3.12257,0.999894,3.12098,0.999804,,,0,1,,,,,,,,,,,,,,,,
Base,paced,1e+06,1,off,3000,1,3000000,1e+06,6444,3300000,3000000,0,0,0,3000000,94.0538,84.8452,0.00140867,2,6,61,994,3000000,102.926,84.8771,0.00329367,2,6,134,1043,0,0,0,0,0,0,0,0,3.12499,1,3.12449,1,,,0,1,,,,,,,,,,,,,,,,
Base,paced,1e+06,1,read,3000,1,3000000,1e+06,2060,3300000,3000000,0,0,0,3000000,231.279,229.036,0.000443333,5,10,11,870,3000000,234.189,229.126,0.000965333,5,10,15,1100,3259603,2,46549,0,0,76.4911,2,6,3.12729,1,3.12772,1,1.0221,0,0,1,,,,,,,,,,,,,,,,
Base,paced,1e+06,1,off,3000,2,3000000,1e+06,7357,3300000,3000000,0,0,0,3000000,92.7685,85.087,0.00123933,2,6,40,934,3000000,104.721,85.1159,0.00340233,2,6,143,1295,0,0,0,0,0,0,0,0,3.12603,1,3.12617,0.999998,,,0,1,,,,,,,,,,,,,,,,
Base,paced,1e+06,1,read,3000,2,3000000,1e+06,1605,3300000,3000000,0,0,0,3000000,224.146,221.255,0.000477333,5,9,10,869,3000000,226.146,221.326,0.000894,5,9,12,899,3274830,1,46875,0,0,77.0507,2,6,3.12746,1,3.12694,1,1.05274,0,0,1,,,,,,,,,,,,,,,,
Base,paced,1e+06,1,off,3000,3,3000000,1e+06,6486,3300000,3000000,0,0,0,3000000,97.2939,86.8302,0.001521,2,6,73,1075,3000000,106.547,86.8754,0.00340133,2,6,143,1421,0,0,0,0,0,0,0,0,3.126,0.999791,3.12595,0.999783,,,0,1,,,,,,,,,,,,,,,,
Base,paced,1e+06,1,read,3000,3,3000000,1e+06,2553,3300000,3000000,0,0,0,3000000,217.536,213.25,0.000644,5,10,11,872,3000000,222.562,213.357,0.001263,5,10,34,1638,3244789,3,46012,0,0,74.1573,2,6,3.1209,1,3.12125,1,1.15729,0,0,1,,,,,,,,,,,,,,,,
Base,paced,1e+06,1,off,3000,4,3000000,1e+06,16569,3300000,3000000,0,0,0,3000000,118.21,94.4524,0.003288,2,9,218,1159,3000000,152.499,94.5454,0.00822067,2,9,328,1159,0,0,0,0,0,0,0,0,3.12593,1,3.12697,1,,,0,1,,,,,,,,,,,,,,,,
Base,paced,1e+06,1,read,3000,4,3000000,1e+06,2813,3300000,3000000,0,0,0,3000000,212.236,207.925,0.000652,5,10,11,927,3000000,216.651,208.029,0.00144533,5,10,43,927,3300000,0,46875,0,0,91.576,2,6,3.12907,1,3.12943,1,1.05727,0,0,1,,,,,,,,,,,,,,,,
Base,paced,1e+06,1,off,3000,5,3000000,1e+06,13526,3300000,3000000,0,0,0,3000000,120.649,92.2938,0.00358,2,9,242,1686,3000000,148.882,92.3654,0.00753833,2,9,321,2993,0,0,0,0,0,0,0,0,3.13049,0.999635,3.12909,0.999616,,,0,1,,,,,,,,,,,,,,,,
Base,paced,1e+06,1,read,3000,5,3000000,1e+06,2874,3300000,3000000,0,0,0,3000000,225.935,222.918,0.000540667,5,10,11,843,3000000,231.076,223.016,0.00131833,5,10,35,1164,3276224,1,46571,0,0,75.7034,2,6,3.12749,0.999998,3.12809,1,1.05415,0,0,1,,,,,,,,,,,,,,,,
Base,paced,1e+06,1,off,3000,6,3000000,1e+06,6818,3300000,3000000,0,0,0,3000000,97.0305,86.9089,0.00141,2,8,63,1175,3000000,107.928,86.934,0.00346867,2,8,153,1698,0,0,0,0,0,0,0,0,3.12906,1,3.12904,1,,,0,1,,,,,,,,,,,,,,,,
Base,paced,1e+06,1,read,3000,6,3000000,1e+06,1797,3300000,3000000,0,0,0,3000000,280.574,222.968,0.000667,5,9,10,13375,3000000,282.929,223.051,0.00111,5,9,25,13375,3260548,2,46451,0,0,90.7175,2,6,3.12577,0.999709,3.12557,0.999832,1.00979,0,0,1,,,,,,,,,,,,,,,,
Mutex,paced,1e+06,1,read,3000,1,3000000,999950,2336802,3300000,3000000,0,0,0,3000000,14226.6,279.463,0.784964,101,2367,3725,12999,3000000,51999.6,276.58,0.94476,825,6623,11735,19183,1113666,130,0,0,0,0,0,0,3.1122,0.999606,3.10769,0.99974,2.06405,0.000118345,0,1,,,,,,,,,,,,,,,,
Base,paced,1e+06,1,read,3000,1,3000000,1e+06,1454,3300000,3000000,0,0,0,3000000,229.263,227.366,0.000405667,5,10,11,871,3000000,230.706,227.435,0.000789333,5,10,11,872,3276854,1,46513,0,0,76.3783,2,6,3.12735,1,3.12736,1,1.01765,0,0,1,,,,,,,,,,,,,,,,
Mutex,paced,1e+06,1,read,3000,2,3000000,1e+06,2291220,3300000,3000000,0,0,0,3000000,13541.8,281.536,0.782236,94,2399,3895,45503,3000000,44683.8,279.263,0.940403,664,5711,10151,45631,1108795,132,0,0,0,0,0,0,3.11484,0.999983,3.11039,0.999996,2.06408,0.000143067,0,1,,,,,,,,,,,,,,,,
Base,paced,1e+06,1,read,3000,2,3000000,1e+06,1780,3300000,3000000,0,0,0,3000000,221.85,220.022,0.000403333,5,9,10,861,3000000,223.924,220.099,0.000879,5,9,12,900,3282724,1,46365,0,0,86.9415,2,6,3.1256,1,3.12633,1,1.01463,0,0,1,,,,,,,,,,,,,,,,
Mutex,paced,1e+06,1,read,3000,3,3000000,999995,2277137,3300000,3000000,0,0,0,3000000,21378.7,279.849,0.776553,95,2511,88319,144127,3000000,51517.1,279.817,0.941051,677,5795,88319,145279,1166011,129,0,0,0,0,0,0,3.11381,0.999996,3.11006,0.999994,2.06404,0.000101087,0,1,,,,,,,,,,,,,,,,
Base,paced,1e+06,1,read,3000,3,3000000,1e+06,2976,3300000,3000000,0,0,0,3000000,227.5,223.66,0.000649333,5,10,11,896,3000000,232.436,223.785,0.00143967,5,10,43,1187,3261028,2,46266,0,0,74.5742,2,6,3.12689,1,3.12564,1,1.07623,0,0,1,,,,,,,,,,,,,,,,
Mutex,paced,1e+06,1,read,3000,4,3000000,999946,2312077,3300000,3000000,0,0,0,3000000,13221.1,283.104,0.774505,95,2213,3425,6015,3000000,44014.9,281.662,0.943697,668,5575,8407,13591,1165222,130,0,0,0,0,0,0,3.1152,0.999997,3.11108,1,2.06405,0.000112611,0,1,,,,,,,,,,,,,,,,
Base,paced,1e+06,1,read,3000,4,3000000,1e+06,2914,3300000,3000000,0,0,0,3000000,350.466,226.349,0.00100767,5,10,17,18655,3000000,360.691,226.458,0.00172233,5,10,72,18863,3276070,1,46875,0,0,75.6596,2,6,3.12692,0.999748,3.12733,0.999954,1.04553,0,0,1,,,,,,,,,,,,,,,,
Mutex,paced,1e+06,1,read,3000,5,3000000,999999,2267099,3300000,3000000,0,0,0,3000000,13066.5,282.365,0.774058,89,2305,3417,23807,3000000,42625.7,279.953,0.934666,629,5563,10031,23807,1138815,131,0,0,0,0,0,0,3.11245,0.999694,3.10941,0.999717,2.06408,0.000153692,0,1,,,,,,,,,,,,,,,,
Base,paced,1e+06,1,read,3000,5,3000000,1e+06,1436,3300000,3000000,0,0,0,3000000,227.747,225.384,0.000395667,5,10,11,1250,3000000,229.388,225.453,0.000785,5,10,11,1250,3258750,2,46581,0,0,75.1943,2,6,3.12749,1,3.12697,1,1.02442,0,0,1,,,,,,,,,,,,,,,,
Mutex,paced,1e+06,1,read,3000,6,3000000,999909,2297038,3300000,3000000,0,0,0,3000000,13017.2,280.539,0.766682,92,2201,3405,6199,3000000,44335.2,278.478,0.937595,661,5671,8823,13519,1136737,131,0,0,0,0,0,0,3.11331,0.999992,3.10965,0.999948,2.06406,0.000131429,0,1,,,,,,,,,,,,,,,,
Base,paced,1e+06,1,read,3000,6,3000000,1e+06,1693,3300000,3000000,0,0,0,3000000,229.476,227.326,0.000408,5,10,11,858,3000000,231.526,227.402,0.00088,5,10,12,873,3283307,1,46614,0,0,77.7914,2,6,3.12881,1,3.12882,1,1.03613,0,0,1,,,,,,,,,,,,,,,,
Mutex,wsat,0,1,off,3000,1,107544576,3.58475e+07,0,36799944,0,4667,81361464,0,0,0,0,0,0,0,0,0,0,0,0,0,0,0,0,0,0,0,0,0,0,0,0,0,3.12489,1,3.12385,1,,,0,1,,,,,,,,,26.9597,182.572,78.5283,,,,,
Base,wsat,0,1,off,3000,1,115343360,3.84452e+07,0,127131392,0,1,24832,0,0,0,0,0,0,0,0,0,0,0,0,0,0,0,0,0,0,0,0,0,0,0,0,0,3.12686,0.999991,3.12684,1,,,0,1,,,,,,,,,26.2019,45.6778,82.1351,,,,,
Mutex,wsat,0,1,off,3000,2,115277824,3.84258e+07,0,28072946,0,5668,98493454,0,0,0,0,0,0,0,0,0,0,0,0,0,0,0,0,0,0,0,0,0,0,0,0,0,3.12203,1,3.12118,0.999995,,,0,1,,,,,,,,,25.2482,175.765,75.1486,,,,,
Base,wsat,0,1,off,3000,2,114671616,3.82201e+07,0,126271488,0,0,0,0,0,0,0,0,0,0,0,0,0,0,0,0,0,0,0,0,0,0,0,0,0,0,0,0,3.12636,1,3.12679,1,,,0,1,,,,,,,,,26.1052,45.6778,81.7844,,,,,
Mutex,wsat,0,1,off,3000,3,112672768,3.75532e+07,0,30365139,0,5371,93628973,0,0,0,0,0,0,0,0,0,0,0,0,0,0,0,0,0,0,0,0,0,0,0,0,0,3.111,0.999982,3.11175,0.999953,,,0,1,,,,,,,,,25.8306,175.362,76.1706,,,,,
Base,wsat,0,1,off,3000,3,112181248,3.73902e+07,0,123502592,0,0,0,0,0,0,0,0,0,0,0,0,0,0,0,0,0,0,0,0,0,0,0,0,0,0,0,0,3.12686,0.999994,3.12731,0.999984,,,0,1,,,,,,,,,26.2222,45.6778,82.145,,,,,
Mutex,wsat,0,1,off,3000,4,114065408,3.80204e+07,0,29176014,0,5535,95899442,0,0,0,0,0,0,0,0,0,0,0,0,0,0,0,0,0,0,0,0,0,0,0,0,0,3.12237,0.999896,3.12173,0.999848,,,0,1,,,,,,,,,25.5178,176.748,75.7713,,,,,
Base,wsat,0,1,off,3000,4,116424704,3.88037e+07,0,128122059,0,1,17205,0,0,0,0,0,0,0,0,0,0,0,0,0,0,0,0,0,0,0,0,0,0,0,0,0,3.12627,0.99995,3.12656,1,,,0,1,,,,,,,,,26.1612,45.6778,82.0017,,,,,
Mutex,wsat,0,1,off,3000,5,111247360,3.70838e+07,0,31690142,0,5252,91173474,0,0,0,0,0,0,0,0,0,0,0,0,0,0,0,0,0,0,0,0,0,0,0,0,0,3.12555,0.999996,3.12505,1,,,0,1,,,,,,,,,26.001,178.899,76.866,,,,,
Base,wsat,0,1,off,3000,5,113147904,3.77118e+07,0,124452864,0,0,0,0,0,0,0,0,0,0,0,0,0,0,0,0,0,0,0,0,0,0,0,0,0,0,0,0,3.11905,0.999998,3.11761,1,,,0,1,,,,,,,,,26.2833,45.6778,82.1566,,,,,
Mutex,wsat,0,1,off,3000,6,115834880,3.86134e+07,0,25849454,0,5839,101372306,0,0,0,0,0,0,0,0,0,0,0,0,0,0,0,0,0,0,0,0,0,0,0,0,0,3.12247,0.999993,3.12117,0.999984,,,0,1,,,,,,,,,25.1745,174.138,75.2632,,,,,
Base,wsat,0,1,off,3000,6,115671040,3.85526e+07,0,127090688,0,0,0,0,0,0,0,0,0,0,0,0,0,0,0,0,0,0,0,0,0,0,0,0,0,0,0,0,3.12551,0.999835,3.12509,0.999831,,,0,1,,,,,,,,,26.1103,45.6778,81.7991,,,,,
Base,paced,1e+06,1,off,3000,1,3000000,1e+06,7300,3300000,3000000,0,0,0,3000000,94.8693,85.3567,0.00136433,2,6,58,2036,3000000,105.66,85.4066,0.00351533,2,6,140,2036,0,0,0,0,0,0,0,0,3.1266,0.999801,3.12642,0.9998,,,0,1,,,,,,,,,,,,,,,,
Pad64,paced,1e+06,1,off,3000,1,3000000,1e+06,9209,3300000,3000000,0,0,0,3000000,96.9829,89.7337,0.001332,2,6,52,984,3000000,109.18,89.8122,0.00406667,2,8,135,1107,0,0,0,0,0,0,0,0,3.12785,1,3.12831,1,,,0,1,,,,,,,,,,,,,,,,
Base,paced,1e+06,1,off,3000,2,3000000,1e+06,14395,3300000,3000000,0,0,0,3000000,122.359,90.6842,0.00254567,2,8,155,8583,3000000,170.369,90.8137,0.00675933,2,9,380,8583,0,0,0,0,0,0,0,0,3.12791,0.999795,3.12743,0.999835,,,0,1,,,,,,,,,,,,,,,,
Pad64,paced,1e+06,1,off,3000,2,3000000,1e+06,11757,3300000,3000000,0,0,0,3000000,102.274,90.9817,0.00189467,2,8,75,1093,3000000,116.403,91.1037,0.00519467,2,9,160,1093,0,0,0,0,0,0,0,0,3.12025,1,3.11921,1,,,0,1,,,,,,,,,,,,,,,,
Base,paced,1e+06,1,off,3000,3,3000000,1e+06,7012,3300000,3000000,0,0,0,3000000,92.3317,84.9189,0.00125067,2,6,42,982,3000000,103.011,84.9667,0.00336567,2,6,137,990,0,0,0,0,0,0,0,0,3.12763,1,3.12782,1,,,0,1,,,,,,,,,,,,,,,,
Pad64,paced,1e+06,1,off,3000,3,3000000,1e+06,9225,3300000,3000000,0,0,0,3000000,102.557,88.1148,0.00214033,2,6,105,986,3000000,115.186,88.1713,0.00480033,2,6,196,986,0,0,0,0,0,0,0,0,3.12501,1,3.12507,1,,,0,1,,,,,,,,,,,,,,,,
Base,paced,1e+06,1,off,3000,4,3000000,1e+06,6444,3300000,3000000,0,0,0,3000000,96.87,87.6269,0.001408,2,8,60,1017,3000000,105.997,87.6807,0.003309,2,9,135,1107,0,0,0,0,0,0,0,0,3.12732,1,3.12718,1,,,0,1,,,,,,,,,,,,,,,,
Pad64,paced,1e+06,1,off,3000,4,3000000,1e+06,11763,3300000,3000000,0,0,0,3000000,103.294,88.7587,0.00223933,2,7,98,1282,3000000,120.679,88.8187,0.00547833,2,8,222,1744,0,0,0,0,0,0,0,0,3.12508,0.999982,3.12476,0.999991,,,0,1,,,,,,,,,,,,,,,,
Base,paced,1e+06,1,off,3000,5,3000000,1e+06,6238,3300000,3000000,0,0,0,3000000,97.754,86.406,0.00156367,2,6,78,1010,3000000,106.464,86.4433,0.003419,2,6,149,1010,0,0,0,0,0,0,0,0,3.12922,1,3.12923,1,,,0,1,,,,,,,,,,,,,,,,
Pad64,paced,1e+06,1,off,3000,5,3000000,1e+06,7324,3300000,3000000,0,0,0,3000000,95.3663,86.6801,0.001436,2,5,63,963,3000000,104.217,86.7605,0.00362067,2,6,126,970,0,0,0,0,0,0,0,0,3.12551,1,3.12578,1,,,0,1,,,,,,,,,,,,,,,,
Base,paced,1e+06,1,off,3000,6,3000000,1e+06,7454,3300000,3000000,0,0,0,3000000,98.2614,87.7454,0.001474,2,8,70,1104,3000000,111.666,87.7936,0.003604,2,9,171,2219,0,0,0,0,0,0,0,0,3.1273,0.999689,3.12714,0.999681,,,0,1,,,,,,,,,,,,,,,,
Pad64,paced,1e+06,1,off,3000,6,3000000,1e+06,7258,3300000,3000000,0,0,0,3000000,100.346,88.4525,0.00179,2,6,81,1151,3000000,107.719,88.5257,0.00394233,2,6,132,1467,0,0,0,0,0,0,0,0,3.1282,1,3.12886,1,,,0,1,,,,,,,,,,,,,,,,
Base,wsat,0,1,off,3000,1,113442816,3.78132e+07,0,124846080,0,0,0,0,0,0,0,0,0,0,0,0,0,0,0,0,0,0,0,0,0,0,0,0,0,0,0,0,3.12734,1,3.12828,1,,,0,1,,,,,,,,,26.0595,45.6778,81.6563,,,,,
Pad64,wsat,0,1,off,3000,1,125435904,4.1811e+07,0,137789496,0,1,16328,0,0,0,0,0,0,0,0,0,0,0,0,0,0,0,0,0,0,0,0,0,0,0,0,0,3.1293,1,3.12889,1,,,0,1,,,,,,,,,23.7732,45.6778,74.5532,,,,,
Base,wsat,0,1,off,3000,2,115441664,3.84861e+07,0,125222912,0,0,0,0,0,0,0,0,0,0,0,0,0,0,0,0,0,0,0,0,0,0,0,0,0,0,0,0,3.12457,0.999787,3.12469,0.999772,,,0,1,,,,,,,,,26.0086,45.6778,81.5165,,,,,
Pad64,wsat,0,1,off,3000,2,120881152,4.02961e+07,0,133064873,0,1,22359,0,0,0,0,0,0,0,0,0,0,0,0,0,0,0,0,0,0,0,0,0,0,0,0,0,3.12893,1,3.12897,1,,,0,1,,,,,,,,,24.5056,45.6778,76.8126,,,,,
Base,wsat,0,1,off,3000,3,114540544,3.8177e+07,0,126189568,0,0,0,0,0,0,0,0,0,0,0,0,0,0,0,0,0,0,0,0,0,0,0,0,0,0,0,0,3.12613,0.999732,3.12626,0.999735,,,0,1,,,,,,,,,26.1205,45.6778,81.8259,,,,,
Pad64,wsat,0,1,off,3000,3,121700352,4.05634e+07,0,133677056,0,0,0,0,0,0,0,0,0,0,0,0,0,0,0,0,0,0,0,0,0,0,0,0,0,0,0,0,3.12887,1,3.129,1,,,0,1,,,,,,,,,24.6531,45.6778,77.275,,,,,
Base,wsat,0,1,off,3000,4,116981760,3.89941e+07,0,128712704,0,0,0,0,0,0,0,0,0,0,0,0,0,0,0,0,0,0,0,0,0,0,0,0,0,0,0,0,3.12723,1,3.12686,1,,,0,1,,,,,,,,,26.062,45.6778,81.6889,,,,,
Pad64,wsat,0,1,off,3000,4,129744896,4.32493e+07,0,142753792,0,0,0,0,0,0,0,0,0,0,0,0,0,0,0,0,0,0,0,0,0,0,0,0,0,0,0,0,3.12891,1,3.12831,1,,,0,1,,,,,,,,,22.6898,45.6778,71.156,,,,,
Base,wsat,0,1,off,3000,5,114327552,3.81064e+07,0,125812736,0,0,0,0,0,0,0,0,0,0,0,0,0,0,0,0,0,0,0,0,0,0,0,0,0,0,0,0,3.13002,0.999997,3.1298,1,,,0,1,,,,,,,,,26.0518,45.6778,81.6462,,,,,
Pad64,wsat,0,1,off,3000,5,122470400,4.08192e+07,0,135053312,0,0,0,0,0,0,0,0,0,0,0,0,0,0,0,0,0,0,0,0,0,0,0,0,0,0,0,0,3.12457,1,3.12437,1,,,0,1,,,,,,,,,24.3429,45.6778,76.2904,,,,,
Base,wsat,0,1,off,3000,6,117866496,3.92888e+07,0,128942080,0,0,0,0,0,0,0,0,0,0,0,0,0,0,0,0,0,0,0,0,0,0,0,0,0,0,0,0,3.1235,1,3.12353,1,,,0,1,,,,,,,,,26.0773,45.6778,81.6965,,,,,
Pad64,wsat,0,1,off,3000,6,122978304,4.09935e+07,0,135168039,0,1,16345,0,0,0,0,0,0,0,0,0,0,0,0,0,0,0,0,0,0,0,0,0,0,0,0,0,3.12756,0.999759,3.12824,0.999752,,,0,1,,,,,,,,,24.2793,45.6778,76.0797,,,,,
Base,wsat,0,0,off,3000,1,1081671680,3.60556e+08,0,0,0,0,0,0,0,0,0,0,0,0,0,0,0,0,0,0,0,0,0,0,0,0,0,0,0,0,0,0,3.22076,1,,,,,0,1,,,,,,,,,2.67029,45.6778,8.75903,,,,,
Base,wsat,0,1,off,3000,1,113786880,3.79277e+07,0,125370368,0,0,0,0,0,0,0,0,0,0,0,0,0,0,0,0,0,0,0,0,0,0,0,0,0,0,0,0,3.12195,1,3.12209,1,,,0,1,,,,,,,,,26.0671,45.6778,81.6408,,,,,
Base,wsat,0,0,off,3000,2,1081671680,3.60552e+08,0,0,0,0,0,0,0,0,0,0,0,0,0,0,0,0,0,0,0,0,0,0,0,0,0,0,0,0,0,0,3.21892,1,,,,,0,1,,,,,,,,,2.66774,45.6778,8.75677,,,,,
Base,wsat,0,1,off,3000,2,114835456,3.82765e+07,0,126664704,0,0,0,0,0,0,0,0,0,0,0,0,0,0,0,0,0,0,0,0,0,0,0,0,0,0,0,0,3.12602,1,3.12616,1,,,0,1,,,,,,,,,26.1052,45.6778,81.7887,,,,,
Base,wsat,0,0,off,3000,3,1082261504,3.60753e+08,0,0,0,0,0,0,0,0,0,0,0,0,0,0,0,0,0,0,0,0,0,0,0,0,0,0,0,0,0,0,3.2203,1,,,,,0,1,,,,,,,,,2.66774,45.6778,8.75574,,,,,
Base,wsat,0,1,off,3000,3,116490240,3.88294e+07,0,128221184,0,0,0,0,0,0,0,0,0,0,0,0,0,0,0,0,0,0,0,0,0,0,0,0,0,0,0,0,3.12804,1,3.12823,1,,,0,1,,,,,,,,,26.0595,45.6778,81.6816,,,,,
Base,wsat,0,0,off,3000,4,1081688064,3.60564e+08,0,0,0,0,0,0,0,0,0,0,0,0,0,0,0,0,0,0,0,0,0,0,0,0,0,0,0,0,0,0,3.21991,1,,,,,0,1,,,,,,,,,2.66774,45.6778,8.75696,,,,,
Base,wsat,0,1,off,3000,4,119472128,3.98201e+07,0,131052884,0,1,35500,0,0,0,0,0,0,0,0,0,0,0,0,0,0,0,0,0,0,0,0,0,0,0,0,0,3.1256,1,3.12621,1,,,0,1,,,,,,,,,26.2527,45.6778,82.2401,,,,,
Base,wsat,0,0,off,3000,5,1081671680,3.6056e+08,0,0,0,0,0,0,0,0,0,0,0,0,0,0,0,0,0,0,0,0,0,0,0,0,0,0,0,0,0,0,3.21945,0.9999,,,,,0,1,,,,,,,,,2.66774,45.6778,8.75513,,,,,
Base,wsat,0,1,off,3000,5,115703808,3.85689e+07,0,127139840,0,0,0,0,0,0,0,0,0,0,0,0,0,0,0,0,0,0,0,0,0,0,0,0,0,0,0,0,3.12723,0.999736,3.12698,0.99976,,,0,1,,,,,,,,,25.9857,45.6778,81.4244,,,,,
Base,wsat,0,0,off,3000,6,1081966592,3.60656e+08,0,0,0,0,0,0,0,0,0,0,0,0,0,0,0,0,0,0,0,0,0,0,0,0,0,0,0,0,0,0,3.21967,1,,,,,0,1,,,,,,,,,2.66774,45.6778,8.75671,,,,,
Base,wsat,0,1,off,3000,6,115212288,3.84009e+07,0,126558002,0,1,24782,0,0,0,0,0,0,0,0,0,0,0,0,0,0,0,0,0,0,0,0,0,0,0,0,0,3.12613,1,3.12606,1,,,0,1,,,,,,,,,26.1587,45.6778,81.9495,,,,,
